0	Problems of Brazilian Rural Labor Union as Seen in Typical Northeastern Community
1	Basic Info About Caruaru
2	No Request for Overflight or Landing Clearance
3	Armed Conflict on Farm Near Mari, Paraiba
4	Northeast School Loan Program - USAID
5	Specifications for the Construction of the American School in Recife
6	Pernambuco Economic Developments as Revealed by CHESF Power Sales to Industries
7	Obtain Department Approval of Renovation Plans
8	Hunger and Unemploment in the Sugar Zone; The Current Crisis in Four Pernambuco Towns
9	The Rio Grande Do Morte Election
10	CODEL Selden
11	Contracts: Grant Agreement to American School of Recife
12	Request for O Trabalhador Publications
13	Functional & Backstopping Directory for the Office of the Deputy Assistant Secretary for Management
14	Thomas Johnston Travels to Recife
15	Acquisition of NASA Sphere
16	USAID Report on Housing and Urban Development
17	Request for Speaker NE Regional Cotton Symposium, Recife, Dec. 18-20
18	Comments on Conversation with the Brother of Governor Nilo Coelho
19	Finance: Fiscal Data GTR Ll,346,962
20	Peace Corps Volunteers as part of the Sterilization Program in Northeast
21	Oliver/Clark Visit
22	Catholic Radicals in the Northeast
23	Aluisio Alves Announces Candidacy for Mayor of Mossoro, RN, Brazil
24	Natal Chosen as Site of the American Spacial Program
25	Municipal Elections: Preliminary Appraisal Of National Implications
26	Analytical Assesment Of Local Reactions
27	Further Develpments in Ban on Frente Ampla
28	Conversation With President About the Security Of Americans
29	Meeting With President in Rio de Janeiro
30	Authorities Absolve Most Recife Engineering Students
31	Rockefeller Report Release
32	Student Demonstartion Wrap Up
33	Clergymen Charged with Subversion: Further Developments
34	Cotonoficio Torre Manufacturing
35	Northeast Reaction to Assumption of Power by Military Ministers
36	Ambassador's Kidnapping
37	Medici's Cabinet
38	Cassations in Goias
39	American Priests Comment on the Role of Foreign Clergymen in Brazil
40	Travel Costs of ComTech O'Brien
41	Reference to Overseas Schooling
42	Order to Read Document
43	Retires/Retained Checks
44	Revision of Form FS-436,Guide for the Examining Physician
45	Opening of Nigerian Embassy
46	Forwarding Helping Items of Information
47	Mission Special Instruction to Project Gemini X
48	Mato Grosso Election Results
49	Proposed Schedule
50	Report on Weekend Meeting of Sugar Zone Bishops
51	Suggestion of Rescheduling due to Clash with Commerce Two-Week Solo Exhibit
52	F-5 Fighter Jets
53	Official Visit of JBUSMC Personel
54	Brazil's Policy Toward Vietnam
55	Middle East
56	Small Student Demonstration Attempt in Recife
57	Costa e Silva Nominates New Mayor for Brasilia: Wadjo GOMIDE
58	ADAUTO CARDOSO Joins Supreme Court
59	President Invites the White House and OAS to Texas
60	Visit Logistics
61	Sterilization Controversy Hits Rio Grande do Sul
62	Cruise of Research Vessel John Elliot Pillsbury
63	Codel Hardy
64	French-Brazilian Nuclear Mineral Exploration Program
65	U.S. Reaction to French Devaluation
66	Changes in Tariff and Trade Restrictions: Proposed Alteration in Customs Tariff (Paper & Paperboard)
67	Appraisal of Economic Reporting
68	Industrial Development in Northeast Brazil
69	Finance: State's Largest Acceptance Company Folds
70	U.S. Visit UNESCO Officer Roger Berthelot
71	Nurse Phyllis Pippitt to Arrive in Brasilia on Sunday
72	Changes in Tariff and Trade Restrictions
73	Intended Addressee for  Books Received
74	Expansion of Brazilian Army Activities in Amazonia
75	USAID Initiative in Agriculture: Northeast Brazil
76	Trip Report- Travel in State of Rio Grande do Sul
77	Letter to Kenneth D. Frederick re: agricultural development in the Northeast
78	NE Agricultural Study
79	Letter and newsarticle about governmental plan to use cerrado lands to increase agricultural production
80	Request for Books
81	RTAC Publications
82	Book Request
83	Request for Publications
84	Information Series of Technical Papers on Agricultural Production and Development to serve LDCs
85	FY 1971 Program Guidance - Technical Support and Administrative Expenses
86	Preliminary FY 1969 T.C. Levels
87	1967 Program Memorandum
88	Status of NE SUBIN Projects as of August, 1970
89	Request for Business Addresses Attendees IX Inter-American Savings & Loan Conference, Panama
90	Project Agreement - M.O. 1333.1
91	Obligation Concepts--Technical Assistance Projects
92	Schedule on PROP Submissions and Review, Special Exceptions
93	AID Appraisal of Proposed UNDP Projects
94	PROP Revision Draft
95	Strategy for Development of Cooperatives in Brazil
96	Questionnaire on AID Cooperative Projects for FY 1965
97	Disaster Relief Committee
98	Selective Migration Program of ICEM
99	The Role of Popular Participation in Development
100	Aderbal Caetano Correa
101	Transmittal Form of Telegrams on USAID Mission to Para
102	Rolled Wheat Uploading
103	Visits to Para, Amapa and Maranhao
104	Economic Reporting: Monthly Summary - February, 1966
105	University of Miami oceanographic vessel
106	Report of Infectious Diseases
107	Congratulations to Frances L. Weinmann
108	American Independence Day
109	Election Information Request
110	Semi Annual Report: North Area
111	Balance of Payments Program
112	Mineral Production Statistics Questionnaire - 1967
113	Alianca Mirim
114	Brazil Nuts
115	Manganese Ore Exports From Macapa, Amapa, Brazil
116	Authorization to Visit Unimak
117	Thank you Mr. Goelz
118	Shipment of Office Equipment
119	VIP Visitors at Industrial Exhibition
120	Seventh Pass Focclant
121	Death of Robert F. Kennedy
122	Welfare-Whereabouts (Financial Assistance): Journalists
123	Monthly Summary - July 1964
124	Massive Land Swindle is Unearthed in Brazil
125	Promotion of Foreign Service Staff Employees FSS-9 and 10; Personnel Evaluation Reports
126	Invitation to Cultural-Religious Program
127	ADMINISTRATION: Arrival of Principal Officer
128	New Performance Rating Form
129	Problems with Sending Fallout Samples
130	Alimentos para a Paz Project is mentioned in Newspaper
131	Para Partners Travel
132	Economic Trends Report
133	Trip Report: Belem, Fortaleza, Natal. May 25-31, 1969
134	Volunteers for Viet-Nam
135	Goods Shipped Officially at the Expense of the United States Government
136	Supplement 2--Tariff Schedules of the United States Annotated (1969)
137	Brazilian Government Control Over Foreign Borrowing
138	Manaus Lumber Industry
139	Shipment Made Under all Terms and Conditions of the Standard Form
140	Faculty of Chemistry, University of Para Intervened
141	Commercial Programs: Follow-Up: WTDR on R.B. Feito Import/Export, Rua Itamaraca 31, Manaus, Amazonas, Brazil
142	Pennsylvania Trade Mission to Latin America
143	Trade Complaint: Magazine Subscription Sale: ELHCO Industries of California, 2105 48th Avenue, Oakland, California 94601
144	Letter Received from the Department of Commerce for Transmittal to Mr. Mario Cardoso Gomes
145	A critica and Its Circulation in the State of Amazonas
146	Visa Permission in a Personal Basis
147	Task Force Reports
148	American Citizen Lost Passport in Manaus, Brazil
149	Passport Application to American Citizen in Manaus, Brazil
150	Higher Education Project References Talking Paper
151	AID - University Task Force for Agricultural Development
152	Comments on CASP
153	Request for Purchase of Modern Calculator for Economics Division
154	Educacao Moral e Civica
155	Research Projects on Corn and Soybeans
156	Request for Information on Cotton Acreage and Production
157	Correspondence regarding Seeds
158	ACDI 1971 Annual Report
159	Tea Plant Clones
160	Institutional Grants Series
161	Book Distribution of Introducao ao Estudo dos Insetos by Borror and DeLong
162	Rooting hormones for Coffee Cuttings
163	INCRA Regulations:  General Norms of the National Institute of Colonization and Agrarian Reform
164	US and Host Government Strategies for Agricultural Development in Latin America/The Land Tenure Center Research and Training Program
165	Book Request Follow-Up
166	Report on Sector Analysis Entitled: Methodology and Analysis: Bolivian Agricultural Production and Marketing Loan
167	Request for Nature and Properties of Soils
168	Fatos Boatos
169	Portuguese translation of Forages by Professor Martins
170	Brazilian Supreme Court Decision
171	Goias Governorship Dispute
172	Miguel Arraes, Bevilacqua, Bank Strikers and other Brazilian Internal Affairs
173	Expropriation of Unused Land
174	IRC Processing Green Sheet
175	Sao Paulo Public Reactions to Second Institutional Act
176	Executive Committee Latin American Parliament Statement Oct 10
177	Ambassador Gordon Message to Senator Kennedy
178	Investment Guarantee Agreement
179	Minas State Police Move into Brasilia
180	Ministerial Changes Foreshadowed by President Castello Branco
181	Press Updates November 2 1965
182	Talk with Portella
183	Juracy Magalhaes Denies that He Will be Next Foreign Minister
184	Formation of New Party of Revolution Improbable
185	SITREP AS OF 0930 / IRC Processing Green Sheet
186	Contact with Latin Americans
187	Conversation with Federal Deputy Adolpho de Oliveira (UDN-Rio de Janeiro); The Election Outlook and the UDN
188	Confidential Rio Conference Delegation Arrangements
189	Castelo Branco and Magalhaes Pinto Discuss Potential Postponement of 1965 Elections
190	WEEKA ITEM: Supreme Court Vacancies
191	Lacerda's Attacks
192	Telegram on ARENA Convention
193	Telegram on US Mission to UN
194	New Constitution; Recent Elections; Two-Party System and ARENA; Lacerda and Kubutschek; Miscellaneous
195	Situation in Rio Grande do Sul; 1966 Elections
196	Invitation to observe Dominican Elections
197	Summit Meeting
198	Scope of Elections
199	Brazilian Election Schedule
200	Election of OAS Secretary General
201	Venezuelan Initiative on Cuban Subversion
202	22nd General Assembly
203	Amendments to Press Law
204	Summit
205	Comment on OAS Activity: Integrated Technical Assistance
206	Medici in Amazonia
207	Rio Grande Do Norte Governor Suffers Setback
208	Current Trend in Church State Relations - Withdrawal Notice
209	Trend and Events for the Month of July
210	Justice Minister Moves Against Death Squads
211	Guidance for Identifying and Handling Accused Plane Hijackers
212	Political Prisoners
213	Potential Threat to U.S. Diplomatic Personnel
214	Boat Seizures
215	Incentive Awards
216	Real Value of Military Salaries and Allowances
217	Revised RCT Post Coverage
218	Security Screening of Non-U.S. Citizen Employees and Contractors Abroad
219	Finance: Submission of Annual Status Reports by Posts Holding Emergency Reserve Advances
220	Site for Ambassador's Residence
221	Soviet-Cuban Relations: Developments
222	After-Hour Activation of Communications Center
223	Banerjee Lecture Zur
224	GOV Attitude towards USSR
225	Destroyer Escort Ships for Brazil
226	Latin American Nuclear Free Zone
227	Exim Bank Financing for Aircraft
228	Progress LAFTA Foreign Ministers Conference
229	Land Purchases by Americans Cause Stir
230	Tax Treaty
231	Cocoa
232	Brazilian GATT Waiver
233	IMF Agreement
234	Resolution on Soluble Coffee Problem
235	Third Flag Rights to Cargo
236	AIFLD and Uruguayan Labor Programs
237	AIFLD and Uruguayan Labor Programs
238	Bolivian Desire to Obtain Military Assistance
239	Haitian Situation
240	Brazil Lawyers Fight Repression
241	Human Rights Reporting
242	Testimony of Amnesty International
243	Human Rights: Government Provides Information on More Missing Persons; Government Party Blocks Convocation of Justice Minister
244	Visits by International Committee of the Red Cross to Detention Sites in Brazil
245	Transmission of the International Security Assistance and Arms Export Control Act of 1976
246	AIFLD Program Participations
247	61st ECOSOC - Item 13 - Illicit Payments
248	Sao Bernardo Metalworkers Union Court Victory could Spur Increased Combativeness by other Major Sao Paulo Unions
249	Telegram on Regional Study on Conventional Arms Restraints
250	Current Foreign Relations Report: Issue No. 3
251	ARA Weekly Highlights
252	A sampling of local reactions to the cassations in Sau Paulo
253	Brazil-US Policy Planning Consultations
254	Terms of Reference of Special Study of Agrarian Problems in Brazil
255	Xacriaba Perde Pelas Armas  Terras Que Ganhou na Guerra
256	FUNAI Justifica Restricoes ao Traballho de Antropologos Estrangeiros nas Fronteiras
257	Americanos Incitaram Indios a Matar Sertanista
258	Sertanista Revela Discordia na FUNAI
259	FUNAI Vai Despejar 200 Familias que Invadiram Terra India
260	Claop Leter Statistical Annex
261	No Objection to Proposed Purchase
262	Brazilian Economic and Financial Situation
263	GOB 1968 Financial Program
264	Exim Export Guarantees
265	Reduction in Commercial Bank Reserve Requirements
266	Recent Official Discriminatory Measures Against Foreign Investments
267	Eximbank Credit Insurance
268	Restrictions on Access to Local Credit Institutions by Foreign Companies
269	Some Recent Events in the Brazilian Financial Area
270	Recent Changes in State Excise Tax (ICM)
271	Telegram on Brazilian Economy
272	GOB Foreign Exchange Operations: August Positions and September Estimate
273	Monetary Budget 1969
274	GOB Foreign Exchange Operations: August Position
275	Request by IBRA
276	U.S. Brazil Tax Treaty
277	Alleged Counterfeit Travelers Checks
278	President Ford/Willys Expresses Confidence in Auto Industry Outlook
279	Brazilian Coinage and Currency
280	Sweetwood Travel Arrangements
281	Update on Report about Business and Industry
282	Applications to Register AMERICANA, AVIATION, and ELASTIC as Trademarks in Brazil
283	Application to Register STEREOTONE as a Trademark in Brazil
284	Application to Register CREAM CRACKER as a Trademark
285	Delta Concerns
286	Import Permits
287	Conference Shipping Meeting Negotiations
288	Reply Request
289	Shipping Negotiations
290	Manganese Ore Exports from Macapa, Amapa, Brazil
291	Mineral Industry Report
292	Brazilian Claim on Rare Earth Chloride Contract
293	McCloy Visit with Moreira Salles
294	Manganese Ore Exports From Macapa, Amapa, Brazil
295	EMBRATEL
296	ITT Swap Payments
297	TPEA Query About Draft Radio and Television Legislation Likely to Result in the Restriction of Imported Programs
298	Amateur Radio Operations in Brazil
299	Study on Color TV Systems Presented
300	Third Office Supplies and Equipment Fair, Ibirapuera Park, Sao Paulo
301	CHICOM Trial in Brazil
302	Monthly Meeting of Economic Affairs Committee for the American Chamber of Commerce for Brazil in Sao Paulo
303	Dr. J.C.M. de Souza visit to U.S.
304	Renewed Confidence in Brazil's Economy- Executive of Borden Company Address to Americsn Chamber of Commerce
305	Zorobabel Dantas Claim
306	Brazilian Navy Training Ship Custodio de Mello Cleared For Visits to Balboa, Los Angeles and Honolulu
307	Status of Payments to Base Aerea Do Recife For Electric Bills 
308	Delay in Reconvening ENDC
309	Bahia Telecommunications Expansion Plan
310	FMS Sale of Patrol Aircraft to Brazilian Airforce
311	Patrol Gunboats for Brazilian Navy
312	Proposed Sale of Pan American Airways Aircraft to Brazilian Air Force
313	Raytheon ATC Bid, Visit of Raytheon V.P. Oppenheim
314	Request for the Purchase of Military Equipment, Materials or Services Under Foreign Military Sales Act
315	Doppler Tracking Station
316	Doppler Tracking Station
317	Offer of FMS Financing for Brazilian Purchase of P-3C(E) Aircraft
318	Receipt of No. 72/524.45(22)
319	Receipt of No. 108/524.45(22)
320	Implementation MINDFR Report
321	Request re Navy
322	Assignment of Captain Lawrence R. Geis
323	Request Involving the lease of, and Sale of Military Equipment, under the Foreign Assistance Act of 1961, as amended
324	Out-of-Channels Request Involving the Purchase of Military Equipment, Materiel or Services under the Foreign Assistance Act of 1961, as amended
325	Aide-Memoire On the Acceptance of Two Returned Submarines
326	Brazilian In-Country De Construction
327	Letter to President Johnson From Castello Branco
328	re: Material
329	Request Involving the Purchase of Military Equipment, Materials or Services under the Foreign Assistances Act of 1961, as amended
330	Withdrawal Card
331	Pharmaceutica lndustry Expropriation
332	Developments between Eximbank and Amazon Credit Bank
333	Quarterly Review of Price Movements in Brazil
334	Rapid Deceleration of Rate of Wholesale Price Level Increase
335	Projected Role of Executive Group for Greater Sao Paulo (GEGRAN)
336	Concerns and Plans for the National Institute of Social Welfare
337	ACCION Movement in Brazil
338	Dom Helder Comments on His Non-Violence Campaign and the Results of the CELAM Conference
339	Dom Helder's Non-violence Campaign
340	James Cannon for Gov Rockefeller
341	Federal Court of Appeals Grants Habeas Corpus to Person Arrested Under IA-5
342	Arrested American Priests
343	Birth Control in the Press
344	Chilean Catholic Hierarchy Rejects Views of Brazilian Bishop Marcos
345	Brazil: Atomic Energy Program
346	Advice for Brazilian Response to US Proposial for Spectrometer
347	Brazilian Ambassador and U.S. Secretary of State on Agreement for Cooperation
348	Bilateral Atomic Energy Agreement and Trilateral Safeguard Agmt
349	Peaceful Uses Atomic Energy Agreement
350	Visit of Dr. Manoel da Frota Moreira to Canada and U.S.
351	Notice of award of PHS research grant - Application AI 06209-01
352	Renewal of Research Contract entitled Research Investigation of Natural and Artificial Radioactive Contamination in the Southern Hemisphere
353	Brazilian Academy of Sciences elects new officers
354	Changes in CAPES
355	Seismographic Data Sheets, Natal
356	Symposium on the Biota of the Amazon
357	Brazil-U.S. Science Workshop: Science and Technology in Economic Development
358	Telegram on Brazilian Space Commission
359	Visit of Professor Konrad Bloch of Harvard
360	Drug Recall: Telmid (Dithiazanine Iodide)
361	Consultant to the Sao Paulo State Health Department
362	Fisheries
363	Dr. E.E. Hegen, Fulbright-Hayes Award - Temporary Duty in Brazil for Research
364	Emergency Medical Aid for Crippled Child
365	Northeastern Rural Labor Petition Brazilian Bishops for Aid in Securing Rights
366	Debates over Possible Airfield Program in Northeast
367	Fatal Consequences of Heavy Rainfall
368	Sao Paulo Police Seek Cooperation of U.S. Agencies in Combating Illicit Drug Traffic
369	Suspension of Political Rights and Celso Furtado
370	Telegram re: Fernando de Noronha Hydrophone Facility Agreement
371	Department of State Response to Brazilian War College Luncheon Memo
372	Telegram re: Department of State Grievances About Assumed USSR Sales to Brazil
373	Telegram re: USNS Gibbs Tagori
374	Telegram re: Lacreda Not Arrested by Lt. Col Boaventura
375	Brazilian Political Scene
376	Brazilian Attitudes Toward the Alliance for Progress
377	Weekly Summary No. 4
378	Regarding Kubisch/Belton Telecon on April 23
379	CASP
380	Weekly Summary No. 13
381	Biweekly Summary (July 22-August 4)
382	Monthly Summary - September 1967
383	Monthly Summary, October 1967
384	Vladimir Palmeira Convicted Under National Security Law
385	Weeka No. 8
386	Selected Chronology of Brazilian Politico-Economic Eventrs for 1967
387	Law of Political Ineligibility
388	Frutkin Being Considered for Decoration
389	Lacerda's Current Attitudes Twoard the Administration
390	Telegram to the President from Mario Tebyrica
391	Japanese Emboff Raised Subject of Magalhaes Pinto Tokyo Visit
392	It would be useful to have mission's detailed annotated comments
393	Views of the Military
394	Political Parties Elect State Directorates
395	Deputy Hermano Alves Comments on the Frente Ampla
396	Student Atmosphere in Northeast
397	Stories Attack USIS Porto Alegre Incorrect
398	Situation at the University of Brasilia
399	Jose Sarney's Vice Presidential Ambitions
400	Official Name of Brazil
401	Brazil Recognition
402	Move to Brasilia: June 1968
403	Info on Inauguration Ceremony
404	Public Relations Working Group Set Up
405	Foreign Office Questionarie on LAFTA to Sao Paulo Trade Associations
406	Ministry of Labor Directory
407	Participation Fund Reduction
408	Political Situation
409	Brazil-US Aerial Photomapping Agreement Criticized
410	Withdrawal of Brasilia Telegram Dated 12/15/68
411	Invitation From OAS Not Received By Osmar Cunha
412	Fourth Army Commander on Church-State Relations
413	Rawalpindi attendance at Brazil's National Day Reception
414	Faria Lima Reveals Views
415	Security Municipalities Bill Changed, Debated
416	Governor Peracchi Holds Press Conference on Municipal Elections
417	Cassation of State Deputies
418	Interventors Named for Santos and Other Municipalities
419	Elections in Sergipe
420	MDB Politician Cassated by Military Ministers 
421	Students of Secondary School Age Demonstrated in Front of Consulate Building 
422	Shot Fired at Consular Residence 
423	Recommendations University Reform Working Group 
424	Security Situation São Paulo 
425	Manhuacu Guerrillas Incident 
426	National Security Council to meet early February 
427	Brasilia's Tel 367 Reflecting on Implications of Recent Political Developments As Seen From There 
428	Press Reaction to Elbrick's Abduction 
429	Political Prisoners Escape from Prison 
430	Journalist Granted Asylum in Mexican Embassy 
431	Brazil (BRA-1) - Survey of the San Francisco River Basin 
432	Brazilian/Guyanese Relations 
433	Establishment of Saudi-Brazilian Diplomatic Relations 
434	Brazil and Portugal's Policy in Africa 
435	Provisional recognition be granted  to Mr. Claudio Cabusso Tourinuo 
436	Soviet Sess Kegostrow Departed Santos 
437	Mr. Milton Torres da Silva appointed vice consul 
438	Lacerda Speaks at Governador Valadares 
439	Sovship Kegostrov 
440	Views of Leader Grantee Barretto Campello
441	Castello Branco Foreign Policy Views
442	Castello Branco Press Conference
443	Nationalism and Anti-Americanism
444	Rio de Janeiro telegram
445	Weekly Summary No. 21
446	Weekly Summary (June 10-16)
447	General Golbery Comments on National Scene
448	Weekly Summary No. 27
449	Monthly Political Summaries
450	Monthly Political Summary, February, 1966
451	Biweekly Summary
452	Weekly Summary No. 4
453	Biweekly Summary No. 7
454	President Castello Branco Makes Speech
455	Biweekly Summary No. 18 (August 18-30, 1965)
456	Weekly Summary No. 31
457	Weekly Summary - June 29-July 5, 1965
458	Political Situation in Parana - April, 1965
459	Biweekly Summary No. 5 (February 16-March 1, 1965)
460	Weekly Summary No. 24 (June 23-29, 1964)
461	Weekly Summary No. 26
462	Weekly Summary No. 40
463	Weekly Summary No. 54 (August 18-24, 1964)
464	Weekly Summary No. 35 (September 22-28, 1964)
465	Resume of Current Political Activity
466	Weeka 36
467	Monthly Summary - April 1964
468	Weekly Summary No. 23
469	Memorandum of Conversation
470	Weeka 13
471	Weeka 32
472	Weeka 11
473	Weeka 53 
474	Weeka 46 
475	Week 7
476	Political Report, February 1-7, 1964
477	Weeka 17
478	Weeka 33
479	Political Summary for January 22-28, Minas Gerais
480	Weekly Summary No. 3
481	If asked you may state that no statements such as you indicate
482	Brazil's Ex-President Speaks in Norway
483	Views of Amador Aguiar, President of the Board of the Banco Brasileiro de Descontos
484	Costa e Silva's Travel Plans
485	Nationalism and Anti-Americanism
486	Brasilia Press Corps Pick Best Federal Deputies
487	PSD candidates win in the states of Guanabara and Minas Gerais
488	Probable Opposition Tactics During Congression Vote for FBF President
489	Juscelino Kubitschek requests American visa
490	Student Unrest
491	ARENA and MDB Membership in Chamber of Deputies
492	University of Brasilia Crisis: The Faculty's Side of the Story
493	Legislative Elections, Statistical Report 
494	General Arthur Costa e Silva's Position Paper 
495	Brazil's Proposed New Electoral Law and National Political Party Statute
496	Views of Governor Virgilio Tavora
497	Presidential Succession and Costa e Silva's Candidacy
498	Old and New Guard Clash at Tenth PSD Convention' Kubitschek Attempts to Pacify Both and Keep Door Open to PTB
499	Chamber of Deputies Approves Main Provisions of Draft of Law of Ineligibilities
500	One observer's explanation of why Brazil is difficult to govern
501	New Federal Appointments: Business and Industry
502	War Minister Costa e Silva's Speech at Vila Militar, October 6, 1965
503	Ambassador Gordon Message to Juracy Magalhaes
504	Foreign Minister Announces Regular Weekly Briefings
505	Castello Branco Interviewed in Native State of Ceara 
506	War Minister Sounds Strange Notes 
507	Party Lineup in Incoming Chamber of Deputies 
508	Cabinent Shuffle under Goulart 
509	New York Times Inquiry into Governemnt Invasion of their Rio office 
510	List of Federal Senators 
511	Bill on Student Organizations 
512	Congressional Bills 
513	Congressional News 
514	Additional Employees Expelled Under Institutional Act 
515	New Brazilian Constitution 
516	New Decrees Create Executive Groups for Footwear (GECAL) and Textiles (GETEC) Industries 
517	One Year Extension of Presidential Mandate 
518	Message from Brazilian President 
519	General Economic-Private Views of Sao Paulo Secretary of Economy on Current Economic Issues Quite Different from his Official Pronouncements 
520	Roundup of Latest Developments
521	Crisis Involving Goias Governor Mauro Borges
522	Article 7 Firings Begin in Pernambuco 
523	Suspension of Political Rights for Supreme Court Justices 
524	RGS Government Warns Unconvincingly of Leftist Revolutionary Activity 
525	Election Report: ARENA Candidates for Governor in Amazonas and Acre
526	Gubernatorial Elections
527	United States Reaction to Institutional Act No. 2
528	The Military-Police Inquiry (IPM) in Post-Revolution Brazil
529	Possible Military Hardline Revolt
530	Porto Alegre Bombing
531	Press releases
532	Pre-Revolution Political Situation Withdrawal
533	Rio 2128 withdrawal
534	Political situation
535	Systematic review withdrawal card no. POL 38-40
536	Update on Brazil-Uruguay Tensions
537	Opposition to Mapping Supported by Erroneous Press Reports
538	Colombian Newspapers Resond Positively to Goulart Ouster
539	Mexico Yet to Decide State of Diplomatic Relations with Brazil
540	Formation of Luso-Brazilian Commonwealth 
541	Guairá Falls Dispute 
542	New Brazilian, Netherland, and Swiss Chiefs of Diplomatic Mission 
543	FonOff Last Night Issued Following Statement re: Brazilian Recognition 
544	Conversation with Federal Deputy José Meira 
545	Juracy Magalhães in Brazil on Official Business: 9/13/1965
546	Request for Recognition of Sergio Augusto Ferreira Vivacqua 
547	Your Luncheon with the Brazilian Ambassador Monday, March 21, at 1:00 p.m.-- BRIEFING MEMORANDUM: 3/19/1966
548	Appointment of Joao Josetti Jr. as Honorary Consul in Pennsylvania 
549	Construction of Brazilian Chancery in Washington 
550	Closure of Brazilian Radio Stations
551	Reporting on Host Country Relations With Communist Countries
552	Brazil: A Latin American Biplomatic Offensive
553	Monthly Trends Report - March 1971
554	Biographic Reporting
555	Northeast Brazil Regional Development Study Group 
556	Roberto Campos and Delfim Neto Invited to Major U.S. Business Conference 
557	Finch Presidential Mission - Summary of Conversation with President Lanusse 
558	Telegram (Brasilia 2683)
559	Telegram (Brasilia 551)
560	GOB Foreign Policy under Medici
561	President Medici's Formal Message to National Congress on March 31, 1970
562	Appointment with Brazilian Foreign Minister Mario Gibson Barboza - Briefing Memorandum
563	Future of Delfim Neto
564	Biographic Information on New Presiden of the Supreme Court
565	Message from Medici to Nixon Concerning Brazilian Independence Day
566	President's Proposal of Indirect Elections in 1974
567	Indirect Elections
568	Recent Political Crisis in the State of Minas Gerais
569	Political Prisoners Recant
570	Gomide kidnapping 
571	Government Declaration on Torture 
572	Roundup Leftist Intellectuals 
573	Increased Arrests Stir Rumors in Guanabara 
574	Shrimp boats seizure 
575	Trinidad-Tobago Charge's Views on Brazilian 200-Mile Limit 
576	Action Slip: Church Letter to S of October 19 requesting answers to a set of questions on relations with Brazil 10/20/1970
577	SUDEPE Sets Territorial Limits for Catfish Trawling 
578	Brazilian-Uruguayan Commission Finishes Yearly Meeting 
579	Itaipu Dam 
580	Document of Recognition: Jose Viegas Filho
581	Appointment of Ms. Margarida Zobaran as Deputy Consul of Brazil at New York, NY 
582	Messages from the Embassy of Brazil to President Nixon
583	Chief Fisheries Officer Wood Talks to Brazilian Authorities
584	Letter: Problems Faced by U.S. Due to Brazilian claim to a 200-Mile Territorial Sea
585	Brazilian Fisheries Dispute -- Annoucement of Negotiations
586	Fisheries Negotiations with Brazil
587	Shrimp Vessel Miss Doris UB-130
588	Reported Seizure of Trawler Gulf Stream
589	Harassment of U.S. Shrimp Boats
590	Airgram from Amb. of Rio to Dept. of State
591	Airgram A-62 Withdrawal
592	Porto Alegre Weekly Summary
593	Extralegal Pressures on Brazilian Congress
594	Lacerda attacks on Government of Brazil; Situation in Guanabara
595	Weeka 47
596	Weeka26
597	Rio 728 Withrdawal
598	Embtel 2022
599	Joint Weeka 10
600	Porto Alegre Weekly Summary No 75
601	Political Weekly Summary for May 31-June 6, Minas Gerais
602	Political Summary for March 29-April 4, Minas Gerais
603	Weekly Summary
604	Political Weekly Summary for May 10-16, Minas Gerais
605	Withdrawals
606	Embtell 73
607	President's Civil Household
608	Campos Told May Following At Airport Friday Night
609	Weekly Summary No. 3 (Week of July 15 through July 21, 1963.)
610	Brazilian Bishops 
611	Communist-oriented students win national elections 
612	Conversation with Walther Moreira Salles 
613	Resignation of Paulo de Tarso and Reported Pressure of Military Ministers on Goulart to Dismiss Liftist Advisors 
614	FMP Postpones Recife Meeting in Face of Dilemma 
615	Campos Trip to Washington
616	Federal Senate under Article 39 of Constitution yesterday convoked special session of Congress
617	Carlos Lacerda Receives Lively Welcome in Porto Alegre
618	Gordon Accepts Lomanto's Invitation
619	Reported Agreement of Army to Assist Parana's Secretariat of Public Safety
620	Pro-Cuba Meeting Sparks Counter Actions in Sao Paulo
621	Withdrawn
622	Venezuelan Rebels Granted Asylum in Brazil
623	Lagos Telegram
624	Embassy Discusses Lobster Affair with Ponsolle, Finds French Hope to Settle Dispute
625	Withdrawal of Msg 28566 from Rio 
626	Letter from Gordon about US Actions in Brazil 
627	Request for memo of Kubitschek Conversation 
628	Withdrawal of AGram A-568 
629	Thank You Note to the State : 5/27/1963
630	Views of Padre Melo
631	Arraes Appeals to People, Ignores Goulart, at Rio Comicio
632	Soviet Planes
633	Ninacor Leite Replaces Pernambuco IAPI Delegate Gilvan Pio Hamsi
634	Northeast School Loan Program - USAID
635	Physical Location and Description of School
636	Newspaper Item Stating Sales of Lobster to U.S. Suspended
637	Buildings: Structural Analysis Renovation OB Property No. 81102
638	Self-Proclaimed Anti-Communist Labor Organization in Recife
639	The Rio Grande Do Morte Election
640	CODEL Selden
641	Support for Education of U.S. Government Dependents Abroad
642	Publications: Procurement of Publications for Health Unit
643	Material Delivery
644	Information on Fred Dickers Jr.
645	Technical Telegram
646	Education
647	Cotton Symposium
648	State 88553
649	Transportation and Control Movement Document
650	Birth Control and Doctors studies
651	Oliver/Clark Visit
652	Student Elections in Pernambuco
653	General Background of Rio Grande do Norte
654	Natal Chosen as Site of the American Spacial Program
655	Municipal Elections: Municipal Politics
656	Further NE Reactions To IA-5
657	Lacerda Visit
658	Decree Law On National Security Council Approved By Chamber
659	Weeka Contribution
660	Punitive Action Against NorthEast Students: A Summary and Analysis
661	Rockefeller Report Release
662	Student Situation
663	Detained American Priests
664	EXIM Financing Guarantee for Cia. Editora de Pernambuco
665	IA-7
666	Ambassador's Kidnapping
667	Assesment of Character and Attitudes of Medici Government
668	Contact Between US Government and Cassados
669	Moderate Archbishop Comments on Recent Political Developments
670	Changes in Maximum Rates of Travel Per Diem
671	Supply Items Information Request
672	Allowances: Post Differential - Amendment of the Standardized Regulations (Government Civilians, Foreign Areas)
673	Transfer of Consular Jurisdiction, Delivery of Checks.
674	Departmental Assignment for Foreign Service Secretaries
675	Brazilian Foreign Minister Wishes President Johnson a Happy Birthday
676	Scheduling for Another Brasilia Program
677	Flight Information  - Project Gemini
678	Election Results in Pernambuco
679	Return of Courier from Brasilia
680	Revision of Directory of Labor Organizations in Brazil
681	Calendar of Coming US Trade Events
682	Brazil Purchase of Jet Planes
683	Tentative Itinerary
684	Weekly Summary of American Opinion on Vietnam
685	Voting at 5th Emergency Special Session of the U.N. General Assembly
686	Student Rally in Downtown Sao Paulo
687	Osorio Vilas Boas's Defense of Joao Calmon and Comments on the US
688	National Intelligence Service (SNI): The Ministry of Silence
689	USIS Taped Complete Interview by General Harold Johnson
690	Tuthill Visit
691	Numerator Analysis of Fertility Patterns
692	President of National Research Council's Statements on Development of Science and Technology in Brasil
693	Senator Collier Not Registered in Brasilia Hotels
694	Tass (London) Report of Reactor Purchase from USSR by Brazilian University Denied by Brazilian Atomic Energy Authorities
695	Finance Minister Appraisal of Economic Performance and Prospects
696	Changes in Tariff and Trade Restrictions: Alteration in Customs Tariff (Azo-compounds)
697	Challenge of the Year 2000 - Brazil in Search of an Ideology
698	Beef Suply Short in Belem, Para, Brazil
699	Eximbank Publicity
700	Selection of Ambassador Catto
701	Escort Officer
702	International Trade Fair Summary Report
703	Rio TV Commentaries on Nixon Speech
704	Brazilian Navy Visit
705	USAID Initiative in Agriculture: Northeast Brazil
706	Procedures for Securing Clearance of ARDO Personnel for Nominations for New Tours, Extensions, Consultantships and Executive visits.
707	Four Week Seminar on Agriculture Policy for Latin America
708	Rejection to Funding Request from Agronomy Department of University of Botacatu
709	Letter from Director of the Trade Union of Refrigeration Industry about response to changes in cattle prices
710	Behavioral Change in Agriculture
711	Bibliography Nutrition of Rice
712	USDA Publications
713	Recebimento de livros para a biblioteca no Sindicato Rural do Uba
714	IPEA Requests Bulletins from USDA
715	FY 1971 Program Guidance - Technical Support and Administrative Expenses
716	1970 Budget Projections
717	Renewed Effort to Measuer Progress Under the Alliance Statistics Guidelines No.1
718	NEAO Program Documentation Status Report
719	Project Management
720	Guidance and Suggestion Request on USAID
721	Field Involvement with Key Problem Work
722	Non Capital Project Paper (PROP) - Public Safety
723	Publication of the United Nations Development Programme
724	Key Problem Area Paper - Key Problems Impending Modernization of Developing Countries: the Health Issues
725	Strategy for Development of Cooperatives in Brazil
726	Mission Reports on Cooperatives --- Report
727	War on Hunger - Polio Vaccine
728	Polio Vaccine Received
729	Programming Guidance and Orientation Materials on Title IX
730	Travel Bill to USAID - American Embassy Rio de Janeiro
731	Telegram on Missing Visa for Olavo Maia
732	Food Assistance Items
733	Announcement of new Peace Coprs member
734	Economic Reporting: Master CERP Publications List Annual Report
735	Research Vessel Atlantis II
736	Report of Infectious Diseases
737	Telegram from John R. Bartelt to Edgar Pedreira Cerqeuira Filho
738	Anniversary of Independence
739	List of Canditates in Acre
740	Work Fronts Program
741	Proposed Amendments to Foreign Direct Investment Program
742	Interior Explica Como Investir na Amazonia
743	Alianca Mirim
744	Brazil Nuts
745	Mineral Production Statistics Questionaire - 1967, Supplement No. 3
746	Unimak (ship) Post-Visit to Belem, Para, Brazil.
747	Numbering of Trade Opportunities for FY 1969
748	Soil Testing Equipment
749	Calendar of Coming U.S. Exhibitions
750	British Flag Leaving for Fortaleza
751	Death of Robert F. Kennedy
752	Visit Logistics
753	February Political Report
754	Land Fraud Charged in Brazil
755	Equal Employment Opportunity (EEO)
756	Request for Information on Agricultural Development Project
757	Frantzen Administrative Officer
758	Questions and Answers About Major Changes Made by the Civil Service Retirement Amendments of 1969
759	Foreign Service Medical Program Immunization Chart
760	Check-List for Government - Provided Leased Quarters
761	Invitational Travel Partners of the Alliance
762	Reduction of Inflation in Para
763	Assignment of Government Leased Quarters
764	Letter to Alacid da Silva Nunes
765	Goods Shipped Officially at the Expense of the United States Government
766	Gun Control Act of 1968
767	US Balance of Payments Surplus in 1968
768	Controls on Production, Consumption and Export of Logs
769	Goods Shipped Officially at the Expense of the United States Government
770	Portuguese Prime Minister Caetano's Stepover in Belem
771	WTDR: Armando Perfetti
772	Reports on Significance of List to be Made Directly to Department
773	Copy of Letter Forwarded to the Banco Central of Brazil
774	Equipment for the Veneer & Plywood Industry
775	Payment of Monthly Manaus Expenditures
776	Forms Requirement for Manaus Consulate
777	Letter from John Steinmetz to Joaquim Domingues de Almeida
778	Payment of Monthly Belem Expenditures
779	Birth Certificate for American Citizen Born in Manaus, Brazil
780	Meeting of the Council of U.S. Universities for Rural Development in Brazil
781	Comments on the Agriculture University Review Team Report
782	Interviews with SUDENE Officials on the Subject of a NE Strategy Paper
783	Brazilian Wheat Policy and Outlook
784	Comments on Purdue Proposal, Economic Analysis of Technical Change in Grain Production in Developing Countries
785	Research Projects on Corn and Soybeans
786	USAID/Quito Request for Information on Manioc Crops
787	Broom Cord Seed
788	Auditing Course in Fortaleza - Delays in Liberation of Funds
789	Proposed Expansion of Sesame Seed Industry in Brazil
790	Land Reform
791	Book Distribution Request for Introducao ao Estudo dos Insetos
792	Progress of Coffee Rust Research
793	Meeting with INCRA Officials, April 2, 1971
794	Ref. Mr. David S. Davies' Letter of October 21, 1969
795	Two Copies of Feeds & Feeding Request
796	Spring Review on the Development of Aid Experience in Building Agriculture Research Competence
797	Request for Nature and Properties of Soils
798	Brazilian Production of Fertilizers
799	Book Translation
800	Brasilia Airport Retaken from Rebel Sergeants
801	Withdrawal Sheet
802	FPN Statement to Embassy Office
803	Agrarian Reform (10)
804	IRC Processing Green Sheet
805	Juract Response to Modebra
806	EXCOM, Latin American Parliament
807	Senator Kennedy's Visit to Brazil
808	Investment Guarantee Agreement
809	Minas State Police Move into Brasilia
810	Vice President Alkmim Discusses New Institutional Act
811	Political Situation October 15
812	Views of the Chief of Staff of War Minister - Gen. Brasil
813	Castello Branco Leases His Apatrment Indicating Intended Stay in Office Through 1966
814	President Castello Branco Discusses Military Hierarchy and Responsibility
815	Amembassy Rio Summary
816	Comments on Bahia Elections and on the Unpublished Exchange of Letters Between Carlos Lacerda and President Castello Branco
817	Cinelandia Anti-Castelo Branco Military Meeting and Manifesto
818	Secretary of State Agenda During Rio Conference  - Dinner
819	Negrao de Lima's First Days as Governor of Guanabara
820	WEEKA 50
821	Biographic Data on New President and Vice President of Supreme Court
822	Department of State Briefing on Brazilian Politics
823	Work of Special Commission on Revision of OAS Charter
824	Congress and Constitution
825	Comments on Political Situation in Rio Grande do Sul
826	Viet-nam Weekly Highlights
827	MFM Meeting Buenos Aires
828	Goias Election Report
829	Government Issues Complementary Edict 20 While Assuring Opposition Maximum Guarantees for Elections
830	Term of Office of Secretary General OAS
831	Initiative on Cuban Subversion
832	Marcus Garvey Prize
833	Press Law: Significant Changes Made by Congress
834	Negative Positions Taken by Brazil and Peru
835	Comment on OAS Activity: Multinational Project on Mathematics
836	Views of General Presgrave, New Second Infantry Division Commander
837	The Governor Designate of Bahia: Antonio Carlos Magalhaes. The Man and His Prospects as Governor
838	Possible GOB-Church Agreement Re Violence Against Political Prisoners
839	Military Participation in Political Activity
840	One Priest's Story on Arrest and Torture of Priest in Sao Luis
841	Passport Records Reflect James Robert Tagoni
842	Treatment of Prisoners at Minas Cerais Army Garrison
843	Present Category of Threat Situation
844	Brazilian Foreign Office Disclosure Seized Fishing Boats Japanese
845	Section 4 - Consular Affairs
846	Meeting of Hemisphere Army Chiefs
847	Fiscal Data for O'Brien
848	Instituto IALE
849	Colombian Problems IMF and AID
850	Requirement for Enclosure in Brasilia
851	Chile Right Wing Nationalist Party Attempts Motion Against Allende
852	Cryptographic Clearance
853	Disadvantages of Banerjee's Visit to Colombia
854	Weekly Civil Air Summary
855	False Report of Counterfeit Currency Brought by US Airmen
856	Brazilian UN Ambassador Calls for Ratification of LANFZ
857	U.S. Machinery Purchase for Phosphate Mining
858	Meeting Bogota Pact Members
859	Sale of Land in Amapa to American Company
860	FIESP Strongly Objects to Proposed State Tax
861	Cocoa Conference
862	EXOFF - Brazilian KR Offers and Requests
863	GOU Central Bank President's Discussion with Schweitzer of IMF
864	Soluble Coffee - REFTEL
865	US Flag Ships Right to Access
866	General Strike
867	Allegations Against International Federation of Petroleum Workers
868	Notes on Portuguese African Refugees
869	Extremely Sensitive Information
870	Brazil's Censors Show New Vigor
871	Approach to GOB on Human Rights
872	Amnesty International Says Brazil Steps Up Repression
873	Second Army Overtures to American Rabbi
874	Senate Congressional Record and Articles on Torture
875	Termination of Selected MAAGS: Message Captions
876	AFP Outstanding Advances for Cr$12,000.00
877	Alleged Lockheed Illicit Payments in Brazil
878	Curso Basico de Educacao Sindical
879	Telegram on Reporting Requirements of Arms Export Control Act
880	Current Foreign Relations Report: Issue No. 49
881	ARA Weekly Highlights
882	Withdrawal Sheet
883	Secretary's Testimony Before House International Relations Committee Transcript
884	Speculation on Current Political Events
885	Em Mato Grosso, 15 Indios Poderao Morrer de Gripe
886	Naturistas Apoiam Acao da FUNAI em Favor do Indio / Invasoes Persistem e FUNAI Ameaca Missao
887	FUNAI Acha que as Missoes nao Podem Proteger Indios
888	FUNAI Admite que Indio Nao Esta Isento de Punicao
889	Doentes, Criancas e Caes Convivem na Casa do Indio
890	Brazilian Bank Purchase
891	Central Bank of Brazil Account at Federal Reserve Bank New York
892	Weekly Financial Report
893	Weekly Financial Indicators
894	GOB Economic Program
895	Assessment of Current Brazilian Financial Situation by Former Finance Minister Bulhoesame
896	Recent Official Discriminatory Measures Against Foreign Investments
897	SUDENE Discusses Loan with French Bank Consortium
898	Eximbank's Financial Guarantee Listed by REFTEL
899	Fiscal Performance January-September 1969
900	Shifts in Income Distribution in Brazil Since 1964
901	Telegram on Dollar Investments
902	Exchange Rate Adjustment
903	Budget Deficit
904	GOB Foreign Exchange Position
905	Tax
906	Attempt to Receive a Copy of the U.S. - Brazil Agreement
907	Operations of the Monetary Authorities - December 1967 and Current Credit Situation
908	Foreign Investment- Phillips Petroleum Joint Venture in Petrochemicals Approved by National Petroleum Council
909	Operations of the Monetary Authorities-August-September and Current Monetary Situation
910	Pedro de Moura Trip
911	Report Business and Industry
912	Trademark registration opposition
913	Application to Register AUTO-BREACK as a Trademark
914	Ore Exportation Monopoly
915	Delta Concerns
916	Submission of Data on Port and Harbor Facilities
917	Brazilian Decree on Shipping
918	General Economic - Annual Report of Companhia Docas de Santos Deplores Port Deficiencies
919	Shipping Negotiations
920	Reported Antimony Discovery
921	Manganese Ore Exports From Macapa, Amapa, Brazil
922	Interview with President of Companhia Industrial de Rochas Betuminosas re Russian Credit
923	Brazil's New Iron Ore Export Policy
924	Financing for Proposed Hanna Investment in Brazil in Irion Ore Mining
925	Recent ITT Developments
926	Atos do Poder Legislativo e Executivo
927	Situation of Curitiba I.T.T. subsidiary
928	Amateur Radio Stations
929	Smithsonian Radio Communications
930	Telegram on Second National Shoe Exhbition
931	USSR Foreign Trade Minister Visits Sao Paulo
932	Proposed Trade Center for Sao Paulo
933	FY-65 Country Program
934	Group Returning September 24
935	Visit of Brazilian National War College to US
936	Richard Krause Plans Visits
937	Funds for Air Force 
938	Request for Use of USAF Landing Facilities 
939	Financing For Bahia Telecommunications Expansions
940	P-3C Sale Status
941	Brazilian Embassy Requesting Purchase of Munitions for Navy
942	Request for the Purchase of Military Equipment, Materials or Services Under the Foreign Military Sales Act
943	Brazil Establishes National Stockpile
944	Request Involving the Purchase of Military Equipment, Materials or Services Under the Foreign Military Sales Act
945	Doppler Tracking Station
946	Visit of General Orlando Geisel
947	Discussion of the Sale of US Aircraft to GOB
948	Receipt of Note No. 158/533.2/22
949	Acknowledgement of Receipt and Approval of Terms for a Military Equipment Sales Request
950	Aide-Memoire
951	Major Albert Nigh at Air Force Headquarters
952	In Reference to A-183
953	Embassy Report Request
954	Request Involving the Lease of Military Equipment, under the Foreign Assistance Net of 1961, as amended
955	Department of State in Receipt for 200 M2A1s
956	Telegram Regarding Proposed Reforms to Brazilian Government
957	re: Material
958	Confidential Aide Memoire re: Conveyance of Submarin Info to Appropriate Parties
959	Letter of Intent to Purchase Tanks Under Credit Assistance Program
960	Developments between Eximbank and Amazon Credit Bank
961	Rumors of Expropriation of ICOMI
962	Expropriation of CTN
963	Quarterly Review of Price Movements in Brazil
964	Firms Benefited by Portaria 71
965	Concerns and Plans for the National Institute of Social Welfare
966	Dom Helder Inaugurates Non-Violence Campaign
967	Recent Developments in the FUNABEM (Fundacao Nacional de Bem-Estar do Menor)
968	Dom Helder Comments on His Non-Violence Campaign and the Results of the CELAM Conference
969	Dom Helder's Non-violence Campaign
970	Helder Camara
971	Follow-up of Former Social Welfare Participants
972	Detained American Priests
973	Rubens Costa Speech: The Heed of a Population Policy as Part of Development Policy
974	Current Views on Dom Helder Camara
975	Neutron Crystal Spectrometer for Brazil
976	USAEC Invitation for Reactor Inaugruation
977	Agreement for Cooperation Between the United States and Brazil on Civil Uses of Atomic Energy
978	US-Brazil Atomic Cooperation Agreement
979	Co-60 Irradiator Grant to Brazil
980	Arrangements for Brazilian Visit of AEC Facilities in US
981	Disquieting rumor about further curtailment of Rockefeller Foundation activities in Latin America
982	Notice of continuation payment of PHS research grant - Application GM 08138-06
983	Recent Developments in Science and Technology
984	Changes in CAPES
985	Data, Natal (Special Volume)
986	Purchase of Frozen Hake: Preliminary Report
987	Brazil-U.S. Science Workshop: Science and Technology in Economic Development
988	NIH Materials for Dr. Osbahr
989	Trend: Natal Becoming Increasingly Important Center for Geophysical and Space Research
990	Literature Recommendations for Handling of Human Blood
991	Shipment of Human Eye to Dr. Samuel Kimura
992	10th Brazilian Congress of Radiology and 1st Portuguese-Brazilian Congress of Radiology
993	Drug Shipment for Hospital das Clinicas - Universidade de Sao Paulo
994	Request of Urgent Reply A-241 concerning AEC Press Release
995	Catholic Bishops Condemn Acao Popular
996	Report of Seminar in Sao Paulo, March 21-26, 1965, on The Participation of Women in Social Welfare--The Effects of Urbanization on the Family and Summary of Committee of Correspondence in Brazil 1963-1965
997	U.S. Disaster Relief for Rio
998	Alleged Coolness in Church-State Relations Used in Anti-Government Attacks
999	Organization of Movimento Brasileiro de Correspondencia
1000	Telegram re: Reasons for O'Meara Visit Cancellation
1001	Contingency Planning for Possible Coups in Brazil
1002	Telegram re: Bevilaqua Situation
1003	Meeting to Discuss Problem of Licensing Fixed-Wing Aircraft to the Brazilian Navy
1004	Aircraft Clearance for UNITAS IV
1005	President's Remarks at Congressional Recess Reception
1006	Policy Planning Talks Date Confirmation
1007	Bi-Weekly Summary (January 1 - 15, 1967)
1008	For Brazil Study Group
1009	Secretary's Bilateral Talk with Brazilian Foreign Minister Magalhaes Pinto
1010	Monthly Summary - For February
1011	Weekly Summary No. 33
1012	Monthly Summary - August 1967
1013	Remainder of Public Opinion Poll Results Published
1014	Goias-Federal District Monthly Report - May 1967
1015	Joint Weeka No. 37
1016	Discussion between United States and Portugal on Brazil
1017	Foreign Office Officials on IA-5 and Its Impact on Foreign Affairs
1018	Work Copy of Proposed Message from Johnson to Costa e Silva
1019	Supreme Court Denies Temporary Injunction (liminar) Requested by Juscelino Kubitschek Against CGI
1020	Senator Barreto Corrected Earlier Information
1021	New Foreign Minister Leaves for Washington
1022	Goulart-Lacerda Declaration and Press Conference
1023	Andreazza Formally Joins ARENA
1024	Views of Former Brazilian Ambassador to U.S. on Political Scene
1025	First State Congress of Union Leaders
1026	Student Conesses and Police Round-Up
1027	Student Demonstration
1028	DOPS Official Comments on Belo Terrorist Group and the Case of the French       Priests
1029	Presidential Succession
1030	Decision Soon on Target Day for Army High Command Move to Brasilia
1031	Conversation with Foreign Minister Concerning (1) Medici's Plans for Establishing Democracy, (2) U.S. Aid to Brazi
1032	Current Brazilian political crisis
1033	Message to President-Elect Costa e Silva
1034	President Holds First Press Conference
1035	Dutra on GOB Student Relations
1036	Sao Paulo Politicians Attempting Deflate Crisis
1037	Succession to Presidency
1038	Leaflet Received re Death of Carlos Marighela
1039	Presidency of Congress
1040	Congress Building Blockaded Against Senators and Deputies
1041	Federal Deputy Cassated; Santos and Santarem Designated National Security Areas
1042	Dom Helder Seeks Additional Support for Non-Violent Campaign to Secure Basic Reforms
1043	Promotions at Itamaraty
1044	Maranhao: Sarney's First Year
1045	Lacerda Speaks at Frente Ampla Public Meeting
1046	Biographic Report on Jorge Konder Bornhausen
1047	Paulo Salim Maluf To Be Appointed Mayor of Sao Paulo
1048	CGI Investigation of Sao Paulo State Assembly and of Governor Sodre
1049	Municipal Elections in Rio Grande do Sul
1050	Rational for Creation of CGIPM 
1051	Four Pernambuco Students Arrested Here Yesterday 
1052	Situation Report from Porto Alegre April 4 
1053	Situation Calm with No Incidents Since June 28 
1054	Bomb Attempt in Fortaleza 
1055	Reaction to US Review of Assistance 
1056	Further Cassations 
1057	Elbrick Case Calls 
1058	Reaction to Elbrick Case 
1059	Conversation with General Franca Regarding Security Measures in Place While Searching for Ambassador 
1060	Kubitschek's Return Praised in Congress 
1061	Territorial Waters 
1062	New Brazilian and Liberian Ambassadors Present Credentials 
1063	Paraguayan President's Visit to Brazil and Creation of the Brazilian-Paraguayan Mixed Technical Commission 
1064	Brazil-US Science 
1065	Provisional recognition be granted  to Mr. Lauro Soucello Alves 
1066	Recognition in a Consular Capacity of the Officer Named Below 
1067	Mr. Milton Torres da Silva appointed vice consul 
1068	Local Authorities Have No Knowledge of Any Details of Seizure 
1069	Captain of Ship Tregulenko and Senior Crew Questioned, Tarasov Attempting to Free Ship 
1070	Press Reaction to President's Press Conference
1071	Views of Deputy Oscar Corea on Current Political Scene
1072	Pio Correa, GOB, Policy Planning
1073	Brazil National Policy Paper
1074	Pio Correa, Cold War in Latin America
1075	Presente Political Situation as Viewed by Jornal do Brasil Reporters
1076	Weekly Summary No. 24
1077	Monthly Summary of Events in Bahia and Sergipe
1078	Weekly Summary No. 41
1079	Monthly Summary - for September
1080	Monthly Political Summary, February, 1966
1081	Weekly Summary (January 28-February 3, 1966)
1082	Monthly Summary - for December
1083	Biweekly Summary No. 8
1084	Weekly Summary No. 52
1085	Weekly Summary No. 39
1086	Weekly Summary: July 26, 1965-August 1, 1965
1087	POLITICAL: Monthly Summary June 1965
1088	Biweekly Summary No. 35
1089	Biweekly Summary
1090	Weekly Summary No. 28
1091	Monthly Summary No. 2 - November
1092	Civil Household Chief on UDN Convention, Agrarian Reform and Other Current Issues
1093	Weekly summary
1094	Castello Branco Meeting Summary
1095	Weekly Summary No. 10
1096	Weeka 35
1097	Weekly Summary No. 110
1098	Weekly Summary
1099	Political Status Report on Parana and Santa Catarina for the period of April 4-16
1100	Weeka 9
1101	Weeka 29
1102	Weeka 20
1103	Weeka 50 
1104	Weeka 1 
1105	Week 3
1106	Weekly Summary 4 (January 29- February 4)
1107	Weeka 14
1108	Weeka 29
1109	Venezuelan UN Rep's Views On Brazil
1110	Weekly Summary No. 17
1111	Former Braz UN dell Minister Antonio Houaiss informed
1112	Biographic Data on Newly Appointed Members of the National Monetary Council
1113	Biographical Data on CLAF Officials and Appreciation Expressed for U.S. Representative
1114	Magalhaes Visit
1115	Minister Jair to visit Army
1116	PTB Statement of Its Principles as Opposition Party
1117	Party of Good Will (PBW) Legally Registered
1118	Sao Paulo's MDB
1119	National Telecommunications Council representatives' trip details
1120	Architecture Students Demonstrate and Bomb Brazilian Embassy
1121	ARENA and MDB Membership in Chamber of Deputies
1122	Student Movement in the North
1123	Cassation of MDB Candidates while ARENA Candidates Lack Evidence of Corruption
1124	Pending Paulista Municipal Elections May Not Occur 
1125	Magalhaes Pinto Confirms Resentment Over Election Decision
1126	Conversation with Federal Deputy Adolpho de Oliveira (UDN-Rio); The Election Outlook and the UDN
1127	Presidential Election Well Received in Salvador
1128	Cabinet Meeting May 7
1129	Jornal do Brasil columnist Carlos Castello Branco devoted August 19 column to discussion on possible reversion to parliamentary system ...
1130	Latest City Plan of Brasilia
1131	CADE and Its Future; Conversation with Dr. Luis Carlos Vieira da Fonseca
1132	President Castello Branco Decided to Rent His Apartment
1133	Presidential Press Interview
1134	Conversation Between Arma and Castello Branco
1135	Embassy Obtains Videotape of Warmin's TV Performance 
1136	Castelo Branco Attempts to Forestall Opinion that Revolution Dictates Re-Election or Extension of His Mandate 
1137	Party, State and Leadership Configuration of Congress 
1138	Rio de Janeiro Mass Rally Scheduled 
1139	Request for Translation of Castelo Branco's Inaugural Speech 
1140	The Week in Congress: March 9-13 (No. 3) 
1141	Transmitting Biographic Data on Brazilian Congressmen 
1142	Pedro Aleixo on Strategy of Government Forces in Congress 
1143	Housing Bill Sent to Congress 
1144	Castelo Branco Appointments Announced to General Committee of Investigations 
1145	New Draft Constitution 
1146	Sudene Interventor General Pending Nomination 
1147	Constitutional Amendments Nos. 16, 17, 18 
1148	Celebration of Independence of Brazil 
1149	President Castelo Branco Decrees Ten New Cassations 
1150	Withdrawal Notice
1151	Situation Involving Governor Mauro Borges
1152	Application of Article 10 Sanctions in Santa Catarina 
1153	Memo of Conversation 
1154	Salvador Governors' Conference, February 29-March 1 
1155	Roberto Abreu Sodre Chosen by ARENA as Party Nominee for Sao Paulo Governorship
1156	Controversy over Second Army Commander Amaury Kruel's Thoughts on Direct Elections in Brazil
1157	Recent Developments in Brazil
1158	Precurador Geral da Justica Militar Eraldo Gueiros Registers Contrary Opinion on IPM Request for Arrest of Negrao de Lima
1159	Francisco Boaventura Calvalcanti's Letter to President
1160	Carlos Lacerda-GOB relations
1161	Goias
1162	Guerrila Movement in Southwestern Parana Crushed
1163	Situation report
1164	Press Reaction to Brazilian Coup
1165	Castelo Branco Comments on US Press Coverage of Brazil to David Rockefeller
1166	Arraes Granted Safe Conduct
1167	Organization Report on the Departamento de Geografia, Terras e Colonizacao
1168	Colombia Amenable to Resuming Relations with Brazil
1169	West German President Heinrich Luebke's Visit to Brazil
1170	Opposition Statement on the Guairá Issue 
1171	Sapena Pastor Called to Discuss Guairá Dispute 
1172	Roundup of Local Press Stories This Week on Current Brazilian-Uruguayan Relations 
1173	Suggestion Re: Recognition of Government of Brazil Contained 
1174	Brazil-US Confidential Exchange of Views of Haitain Situation 
1175	Agreement For Appointment of Vasco Leitão da Cunha Requested 
1176	Request for Recognition of Lineu Medina Martins 
1177	President Castelo Branco Spends Evening with His Son and Arma 
1178	Memo in Recognition of Appointment of Consul Rinaldo de Carvalho e Silva: 5/6/1964
1179	Clarification on Diplomatic Exemptions from Maryland Sales Tax: 10/25/1966
1180	Venezuelan Reaction to President's Statements on Brazil
1181	Reporting on Host Country Relations With Communist Countries
1182	Minister of Foreign Relations Speaks on Brazil's Foreign Policy
1183	Impressions from a Trip through the Northeast
1184	Biographic Information: Governor-Deignate of Santa Catarina
1185	Brazilian Visit to Soviet Union 
1186	Request for Assistance in Arranging Minister of Communications Visit to Cape Kennedy 
1187	Telegram (211385)
1188	Telegram (Brasilia 902)
1189	Airgram (A-58)
1190	Northeast Political Change and Prospects Under Medici Regime
1191	Medici Feb. 27 Press Interview
1192	Gibson Barboza Suffers Serious Femur Fracture
1193	Finance Minister's Speech on Government Economic Policy with Particular Reference to Cattle Industry
1194	Superior Military Court During 1970
1195	Commemoration of Roosevelt-Vargas Meeting in Natal
1196	Changeover in Leaderhip of Regional Agencies
1197	Northeast Brazil Legislative Elections Preview
1198	Fifth Military Region Reaches Out to Rural People
1199	USIS news roundup: bomb in SP
1200	Terrorist murder victim found 
1201	Conversation with Presidential Advisor 
1202	Location of US Naval Mission the Same Floor as a Torture Room of the Brazilian Navy 
1203	Letter to Senator Harris 5/2/1072
1204	Decree extending Brazil's territorial waters to 200 miles 3/26/1970
1205	Port of Spain Shrimping Meeting 
1206	Bilateral Discussion on Africa 
1207	Presidential Decree Emphasizes Intent to Enforce Fishing Regulations 
1208	Kidnapping of Brazilian Embassy Official 
1209	Brazilian-Dutch Agreement on Fishing Rights 
1210	Document of Recognition: Samuel Pinheiro Guimaraes Neto
1211	Appointment of Mrs. Lilian Agnes de Castilho Maia as Vice Consul of Brazil at New Orleans
1212	Appointment of Mr. Jom Tob de Azulay as Deputy Consul of Brazil at Los Angeles, California
1213	Harrassment of Shrimp Trawlers
1214	Washington: Proposed Mission Visit By Ambassador Araujo Castro 
1215	Fisheries Talks with Brazil
1216	Brazilian Fisheries Dispute -- Annoucement of Negotiations
1217	Shrimp Vessels, Apollo XII and Gulf Stream II
1218	Fishery Negotiations
1219	Harassment of Shrimp Vessels
1220	Memo: Conversation between Evandro Lins e Silva, Williams Beal, and C. Dirck Keyser
1221	Weekly Summary No. 104
1222	Goulart Makes Nationalistic Speech on Radio
1223	Embtels 1905 and 1924
1224	Brazilian Political Situation
1225	Weeka 43
1226	Airgram A-85 Withdrawal
1227	Embtel 165
1228	Apparent Divergence Among Elements of Brazilian Left
1229	Joint Weeka 14
1230	Weekly Summary No. 88
1231	Weekly Summary No. 79
1232	Airgram (A-326)
1233	Weekly Summary
1234	Weekly Summary
1235	Porto Alegre Weekly Summary No. 48
1236	Brizola on a Rocky Comeback Trail
1237	ARMA's Biography of General Amaury Kruel
1238	Forthcoming visit to Washington of Brazil's Finance Minister San Tiago Dantas
1239	Tense Brazil Political Climate
1240	The IBAD investigation 
1241	UDN Currently Planning to Run Lacerd for President 
1242	Request for Goulart's Basic Reform Speech 
1243	Conversation with Pinto de Godoy on State of Siege Request 
1244	Maranhão Deputies Switch to PTB 
1245	CADE and BNDE Nominations
1246	Congress closed regular session 15th opened special session 16th with good attendance
1247	Governor Lomanto's First Month in Office
1248	Rio Hold-up Killing Sets off Renewed Criticism of Lacerda Administration
1249	Department Intends to Recommend Cancellation of Internal Security Segment FY63 xx Program
1250	Police report no damage or injuries in Rolandia
1251	Ultima Hora Reports of Rio Arms Seizures
1252	French Gaulle Assures that French Warship Will Not Enter Brazilian Waters
1253	Request for appointment with President for Ambassador Roberto Campos
1254	Embassy Discusses Lobster Affair with Ponsolle, Finds French Hope to Settle Dispute
1255	Transfer to paris of Brazilian Ambassador in Moscow 
1256	Conversation with Kubitschek about False Rumors of American Businessmen at US Embassy 
1257	Brazilian Press on US-Brazilian Relations 
1258	Withdrawal of State 716 
1259	Recognition of Denizar Augusto Ribeiro Maciel to serve as Acting Vice-Consul of Brazil in Miami: 7/8/1963